source_bucket,numeric_song_id,status,primary_key,primary_frame_pc,primary_correlation,primary_margin,secondary_key,secondary_frame_pc,secondary_correlation,secondary_margin,error
src_001,1,REVIEW_LOW_CONFIDENCE,C,0,0.9097353050628827,0.280686102686317,C,0,0.850707639439326,0.03140696400237186,
src_001,4,REVIEW_LOW_CONFIDENCE,F#,6,0.8042937085713733,0.03890134543699153,F#,6,0.865512469863071,0.02665650838134892,
src_001,6,AMBIGUOUS_FRAME_DISAGREEMENT,E,4,0.8701405992799025,0.15989945237791858,e,7,0.8147067786818587,0.0003128183588622102,
src_001,9,REVIEW_LOW_CONFIDENCE,D,2,0.8098787594048952,0.04930211249793903,D,2,0.8260624923979528,0.07114337486336264,
src_001,11,REVIEW_LOW_CONFIDENCE,c,3,0.9133713625268558,0.38214288119532,c,3,0.773048950418987,0.004399280245600767,
src_001,15,AMBIGUOUS_FRAME_DISAGREEMENT,Eb,3,0.8839828329898197,0.020756902379333697,Ab,8,0.9323486825122776,0.1400449474473232,
src_001,19,AMBIGUOUS_FRAME_DISAGREEMENT,A,9,0.7895127091679889,0.052044614427403824,e,7,0.845250355774933,0.008056697742146235,
src_001,20,AMBIGUOUS_FRAME_DISAGREEMENT,F,5,0.8115543626777311,0.057269364107710996,f,8,0.906081777462322,0.15421242235742783,
src_001,22,REVIEW_LOW_CONFIDENCE,Eb,3,0.8600351516202792,0.018106131091023436,Eb,3,0.8705282527784546,0.1177158948788799,
src_001,23,REVIEW_LOW_CONFIDENCE,D,2,0.7775944369837343,0.010202645857465886,D,2,0.8966043576140662,0.16845678095014494,
src_001,24,AMBIGUOUS_FRAME_DISAGREEMENT,bb,1,0.7815658579023508,0.09154416447689717,F#,6,0.8791284675743861,0.09240203268947611,
src_001,28,REVIEW_LOW_CONFIDENCE,Ab,8,0.7692689462201845,0.0017231480234847218,f,8,0.7693325767287126,0.10819895348471564,
src_001,32,REVIEW_LOW_CONFIDENCE,G,7,0.8389635632708192,0.33147411841327923,G,7,0.6791958297088306,0.04025347963250281,
src_001,33,AMBIGUOUS_FRAME_DISAGREEMENT,e,7,0.8050830930310363,0.19609427043396566,C,0,0.808274613458594,0.009549181682098395,
src_001,35,AMBIGUOUS_FRAME_DISAGREEMENT,F,5,0.8397402522176552,0.1162478545089849,Bb,10,0.8971134574018134,0.07378503460838648,
src_001,38,AMBIGUOUS_FRAME_DISAGREEMENT,f#,9,0.5785702089291141,0.02649138825650621,D,2,0.5265156656127323,0.16885367461015843,
src_001,40,AMBIGUOUS_FRAME_DISAGREEMENT,F,5,0.8317067052422443,0.027108444473288418,Bb,10,0.8054538468250683,0.05868725121931184,
src_001,42,REVIEW_LOW_CONFIDENCE,B,11,0.8327282084571528,0.0386132345531669,ab,11,0.8693398827276564,0.07744982536559719,
src_001,50,AMBIGUOUS_FRAME_DISAGREEMENT,C#,1,0.7274328309251197,0.015627059667317256,c#,4,0.740379499391166,0.0223700066379251,
src_001,52,REVIEW_LOW_CONFIDENCE,Eb,3,0.62869344543897,0.025441537225853184,Eb,3,0.6025651872319335,0.012558435862967565,
src_001,55,AMBIGUOUS_FRAME_DISAGREEMENT,d,5,0.8460235968123826,0.2566613853622929,g,10,0.8984871373835068,0.10533183382830846,
src_001,57,REVIEW_LOW_CONFIDENCE,G,7,0.8874285772134913,0.031365548157721634,G,7,0.9339921898270753,0.21275919747973426,
src_001,67,REVIEW_LOW_CONFIDENCE,Bb,10,0.8230662965087524,0.11926438512550974,Bb,10,0.892017976045622,0.028506337682586036,
src_001,69,AMBIGUOUS_FRAME_DISAGREEMENT,d,5,0.8424113568867097,0.11457687022894159,g,10,0.9025233129277649,0.10595139588503633,
src_001,71,REVIEW_LOW_CONFIDENCE,A,9,0.7786227399719279,0.012728944150472543,A,9,0.8764616621187518,0.041521773298449305,
src_001,74,REVIEW_LOW_CONFIDENCE,ab,11,0.7435116280968711,0.044228730939067984,ab,11,0.7331641501074077,0.005173527983725501,
src_001,77,AMBIGUOUS_FRAME_DISAGREEMENT,g,10,0.8396626387919351,0.20419390713549757,c,3,0.8905594767249148,0.07435290229427938,
src_001,78,AMBIGUOUS_FRAME_DISAGREEMENT,Eb,3,0.7920342502397927,0.10097413095553298,bb,1,0.8068820497588067,0.017602820530044916,
src_001,82,REVIEW_LOW_CONFIDENCE,A,9,0.9773535516374986,0.3616328843582246,A,9,0.8237311112756956,0.04859682540274446,
src_001,86,REVIEW_LOW_CONFIDENCE,b,2,0.8137979787299603,0.12726170392439007,b,2,0.8706893571472519,0.039733318063103984,
src_001,90,AMBIGUOUS_FRAME_DISAGREEMENT,b,2,0.8631772968288369,0.20311550514918875,e,7,0.8249540348939045,0.11822430295131592,
src_001,95,AMBIGUOUS_FRAME_DISAGREEMENT,ab,11,0.8384738850776552,0.07152172260068279,c#,4,0.8747042497519032,0.07612192599145995,
src_001,96,REVIEW_LOW_CONFIDENCE,A,9,0.8273711303970822,0.0180002047350738,A,9,0.8575021450442026,0.06421398739674278,
src_001,106,AMBIGUOUS_FRAME_DISAGREEMENT,C#,1,0.8956228123834732,0.2700328556440803,F#,6,0.8245563165204075,0.047212041714177366,
src_001,110,AMBIGUOUS_FRAME_DISAGREEMENT,C,0,0.7019901935659223,0.13272652456785772,F,5,0.7659336666035682,0.1390755806881322,
src_002,112,AMBIGUOUS_FRAME_DISAGREEMENT,F,5,0.8806542556009652,0.14863683476454415,Bb,10,0.9180547115039855,0.0832111514398991,
src_002,127,AMBIGUOUS_FRAME_DISAGREEMENT,Eb,3,0.9097815712863742,0.2428169294276633,Ab,8,0.8688779694797821,0.04652912712183033,
src_002,129,AMBIGUOUS_FRAME_DISAGREEMENT,G,7,0.7516010860763899,0.010831343158508533,c,3,0.8223571121971823,0.18592916564017414,
src_002,130,REVIEW_LOW_CONFIDENCE,c#,4,0.8987978707237622,0.340820522543855,c#,4,0.8989276382569518,0.0499592840375217,
src_002,135,AMBIGUOUS_FRAME_DISAGREEMENT,c#,4,0.8797626390792249,0.2799148816111272,f#,9,0.8447268373729727,0.0022079523864477757,
src_002,141,AMBIGUOUS_FRAME_DISAGREEMENT,d,5,0.7583650947415367,0.07749319147988076,g,10,0.920983490921814,0.07304185990583922,
src_002,155,REVIEW_LOW_CONFIDENCE,f#,9,0.798962614964955,0.11399941783752121,f#,9,0.8793973711483388,0.003915562586582655,
src_002,158,REVIEW_LOW_CONFIDENCE,c#,4,0.8217986994356352,0.16851884445802756,c#,4,0.881685643319853,0.020681741044970225,
src_002,159,AMBIGUOUS_FRAME_DISAGREEMENT,c,3,0.8282699215154066,0.011379520685623867,Ab,8,0.9398625500135757,0.25915511871394814,
src_002,163,AMBIGUOUS_FRAME_DISAGREEMENT,A,9,0.9001803424603083,0.05486189129966468,D,2,0.9280598897372271,0.2018004116915908,
src_002,167,AMBIGUOUS_FRAME_DISAGREEMENT,A,9,0.8554802661345386,0.029176893928499537,D,2,0.9578029306509148,0.2427532804700573,
src_002,169,REVIEW_LOW_CONFIDENCE,B,11,0.8383853077848238,0.018924054424960257,B,11,0.9518510607364693,0.250600933331236,
src_002,170,AMBIGUOUS_FRAME_DISAGREEMENT,D,2,0.940973369806011,0.1516906045072942,G,7,0.8835286535069614,0.08340184376198712,
src_002,172,REVIEW_LOW_CONFIDENCE,b,2,0.860341323958237,0.2285323003708465,b,2,0.8114797802440517,0.044387114040609466,
src_002,175,AMBIGUOUS_FRAME_DISAGREEMENT,G,7,0.7740013249415392,0.06158025043301585,a,0,0.88156530292369,0.029415867034580656,
src_002,179,REVIEW_LOW_CONFIDENCE,F,5,0.8402847264644725,0.18332905997062798,F,5,0.8940391585919553,0.029589128943886767,
src_002,184,AMBIGUOUS_FRAME_DISAGREEMENT,G,7,0.8886721025519767,0.06257390087086445,C,0,0.8623941839611228,0.15124618521194322,
src_002,185,REVIEW_LOW_CONFIDENCE,Eb,3,0.8688303354833629,0.17216599042044534,Eb,3,0.8620504707829417,0.0018639414745728056,
src_002,186,REVIEW_LOW_CONFIDENCE,d,5,0.8152506589258591,0.04415694096520495,d,5,0.8176045609865662,0.0404642380768484,
src_002,191,REVIEW_LOW_CONFIDENCE,F,5,0.8109769845836631,0.007390455875454283,F,5,0.9224114929626163,0.1359364941295923,
src_002,196,REVIEW_LOW_CONFIDENCE,C#,1,0.7990462535251749,0.0393507969129111,C#,1,0.8904504504204522,0.14031282642269172,
src_002,200,AMBIGUOUS_FRAME_DISAGREEMENT,d,5,0.7668601181128543,0.07632099033737982,g,10,0.8318812772666072,0.11838081226164421,
src_002,207,REVIEW_LOW_CONFIDENCE,G,7,0.7865596882377062,0.08803552736530595,G,7,0.784789735031254,0.0445752651529846,
src_002,210,REVIEW_LOW_CONFIDENCE,G,7,0.9252530766751826,0.2473077677680241,G,7,0.83920141256593,0.0005941478671807054,
src_002,212,AMBIGUOUS_FRAME_DISAGREEMENT,B,11,0.7557206178534425,0.0047202273831077335,E,4,0.9291293461796529,0.0826690928463536,
src_002,214,REVIEW_LOW_CONFIDENCE,D,2,0.8691812297763308,0.032888706193902384,D,2,0.9552607527087772,0.26238247612251675,
src_002,219,AMBIGUOUS_FRAME_DISAGREEMENT,C,0,0.8429557901865897,0.25622435864597115,F,5,0.805193917216637,0.03901984778016787,
src_002,220,AMBIGUOUS_FRAME_DISAGREEMENT,D,2,0.7354800114982194,0.027575403370258766,d,5,0.8589482429985261,0.10610275426064653,
src_002,233,AMBIGUOUS_FRAME_DISAGREEMENT,D,2,0.8765663802277445,0.006272360146035161,G,7,0.8723848134641649,0.17592526876892123,
src_002,236,REVIEW_LOW_CONFIDENCE,D,2,0.8140719537792921,0.012460872054497973,D,2,0.8753482075906096,0.14208360388275953,
src_002,245,AMBIGUOUS_FRAME_DISAGREEMENT,bb,1,0.8993840878283829,0.2593442348508743,F#,6,0.8429386872224056,0.06696460778816782,
src_002,246,REVIEW_LOW_CONFIDENCE,e,7,0.8615297820754337,0.2686154175574539,e,7,0.8680671077229093,0.01178862024599625,
src_002,250,AMBIGUOUS_FRAME_DISAGREEMENT,Bb,10,0.7921001247765759,0.07585176760892931,Eb,3,0.8396874249201686,0.06318510181173898,
src_002,251,REVIEW_LOW_CONFIDENCE,D,2,0.9406867736103097,0.2536735380422117,D,2,0.8639263826391744,0.012896610943871734,
src_002,252,REVIEW_LOW_CONFIDENCE,F#,6,0.878108565260454,0.1968363783510919,F#,6,0.8233844427254333,0.0298384856008731,
src_002,256,AMBIGUOUS_FRAME_DISAGREEMENT,f,8,0.8327872177451543,0.18008190777141342,bb,1,0.8506951296906342,0.004763577061222102,
src_002,257,AMBIGUOUS_FRAME_DISAGREEMENT,c#,4,0.7830484377996505,0.13802396336707334,f#,9,0.8432600708173988,0.050676052784440095,
src_002,264,AMBIGUOUS_FRAME_DISAGREEMENT,D,2,0.8184634884186957,0.005373592703426078,G,7,0.9414693939050987,0.12840438302751322,
src_002,269,REVIEW_LOW_CONFIDENCE,G,7,0.7679662947979364,0.17775526068897285,G,7,0.902593697154306,0.04453019364737809,
src_002,270,AMBIGUOUS_FRAME_DISAGREEMENT,A,9,0.8660874237036882,0.03343134164724004,D,2,0.9263604900410736,0.11927605137917774,
src_002,271,AMBIGUOUS_FRAME_DISAGREEMENT,C,0,0.7873548334891126,0.06891350053110101,F,5,0.9157650896122345,0.0841843244816779,
src_002,273,REVIEW_LOW_CONFIDENCE,Eb,3,0.7227524630742274,0.048143297552350584,Eb,3,0.8851916540571552,0.11685222923426508,
src_002,275,AMBIGUOUS_FRAME_DISAGREEMENT,bb,1,0.7425469915820084,0.011411506466536103,eb,6,0.8104146677997824,0.049281873131821086,
src_002,277,AMBIGUOUS_FRAME_DISAGREEMENT,D,2,0.7240248492713894,0.0036755824016296845,e,7,0.8558214362227339,0.07018332114660786,
src_002,278,AMBIGUOUS_FRAME_DISAGREEMENT,A,9,0.924835234201891,0.18064371081640773,D,2,0.8469146117080643,0.03328030681058214,
src_002,282,REVIEW_LOW_CONFIDENCE,a,0,0.8238900532283823,0.14326589340729712,a,0,0.7884774670505721,0.018086530062102257,
src_002,283,AMBIGUOUS_FRAME_DISAGREEMENT,C,0,0.816484814820163,0.08862747771224622,F,5,0.825356552716269,0.05566810717577664,
src_002,284,REVIEW_LOW_CONFIDENCE,C,0,0.8014699702535153,0.034247301263236496,C,0,0.8513178681385436,0.18597163947870654,
src_002,294,REVIEW_LOW_CONFIDENCE,Eb,3,0.7175471501232787,0.018468250924843055,Eb,3,0.8977740735486479,0.10573438545273695,
src_002,296,AMBIGUOUS_FRAME_DISAGREEMENT,G,7,0.7989212548158501,0.07256010355709885,C,0,0.7614395938542169,0.04532107852441647,
src_002,299,REVIEW_LOW_CONFIDENCE,Bb,10,0.866817304531087,0.014226768189335992,Bb,10,0.9141061945883052,0.1354719162629986,
src_002,300,AMBIGUOUS_FRAME_DISAGREEMENT,G,7,0.8483096826509345,0.049211890517964485,C,0,0.9291853199401264,0.13348029338387435,
src_002,303,REVIEW_LOW_CONFIDENCE,eb,6,0.9335186468509618,0.3185009087551307,eb,6,0.7831008350215846,0.008436403187727093,
src_002,304,REVIEW_LOW_CONFIDENCE,C,0,0.808160106333281,0.043359282164198376,C,0,0.8461370791688428,0.07399986425881211,
src_002,305,REVIEW_LOW_CONFIDENCE,d,5,0.7140620737452182,0.007570403569901241,d,5,0.9098969236490592,0.18059110459315264,
src_002,306,AMBIGUOUS_FRAME_DISAGREEMENT,F,5,0.8790789902776386,0.24828245750054267,Bb,10,0.8477551286062825,0.013996084997719427,
src_002,309,REVIEW_LOW_CONFIDENCE,C,0,0.853983496931673,0.1158586235025828,C,0,0.872812044022489,0.0019472575551332527,
src_002,313,AMBIGUOUS_FRAME_DISAGREEMENT,f#,9,0.7358007110401944,0.18416991003188188,b,2,0.7577117948772455,0.17123514518286986,
src_002,314,REVIEW_LOW_CONFIDENCE,Ab,8,0.8839045928773702,0.2652126858836854,Ab,8,0.8372179779117415,0.04525846709655146,
src_002,319,AMBIGUOUS_FRAME_DISAGREEMENT,c,3,0.8563086468722182,0.28661267450977523,f,8,0.8201850959961807,0.04365966915081565,
src_002,321,AMBIGUOUS_FRAME_DISAGREEMENT,F#,6,0.7542332132535677,0.0046965028950261,ab,11,0.8762519447009468,0.04061657002554642,
src_002,325,AMBIGUOUS_FRAME_DISAGREEMENT,Bb,10,0.8598578660045796,0.03209412434542891,Eb,3,0.9270369155038146,0.12814734210158152,
src_002,326,REVIEW_LOW_CONFIDENCE,C,0,0.8215480779257323,0.09983144637395203,C,0,0.8956887061474262,0.03745043262051839,
src_002,327,REVIEW_LOW_CONFIDENCE,Eb,3,0.9090994465749254,0.18956612484860635,Eb,3,0.7718651831563209,0.039327222515395555,
src_002,330,AMBIGUOUS_FRAME_DISAGREEMENT,Eb,3,0.8374113802993395,0.03310342747033357,Ab,8,0.8210887288647745,0.049644447829243266,
src_002,338,AMBIGUOUS_FRAME_DISAGREEMENT,B,11,0.8869937428251962,0.07121254739822891,E,4,0.963440638568093,0.21943226951408001,
src_002,346,REVIEW_LOW_CONFIDENCE,C,0,0.8966747476758624,0.03672873540422017,C,0,0.9286428313698657,0.25101784203417776,
src_002,354,AMBIGUOUS_FRAME_DISAGREEMENT,D,2,0.9032577242211232,0.10509024226932884,G,7,0.9106234644410215,0.08955785513116643,
src_002,357,AMBIGUOUS_FRAME_DISAGREEMENT,f#,9,0.8079898826258748,0.2383137848483099,b,2,0.8210281180543983,0.011069527053137462,
src_002,360,AMBIGUOUS_FRAME_DISAGREEMENT,Eb,3,0.8873044013476353,0.005758587371871293,Ab,8,0.946457086068243,0.22198953124894105,
src_002,365,AMBIGUOUS_FRAME_DISAGREEMENT,e,7,0.8856367964993132,0.3831392777953462,C,0,0.7662292579569798,0.029974858469408505,
src_002,374,AMBIGUOUS_FRAME_DISAGREEMENT,C,0,0.8350509822816485,0.07648905645559068,F,5,0.900029061122451,0.05788542112672612,
src_002,375,REVIEW_LOW_CONFIDENCE,b,2,0.8407327845034015,0.16900839945500856,b,2,0.8417023845066559,0.04886652214623666,
src_002,376,REVIEW_LOW_CONFIDENCE,A,9,0.7713191726051666,0.1116747752317736,A,9,0.8061809021664194,0.0242455083895472,
src_002,377,AMBIGUOUS_FRAME_DISAGREEMENT,D,2,0.7394459938227274,0.02162368653121638,G,7,0.864578567363326,0.08246567612585498,
src_002,388,REVIEW_LOW_CONFIDENCE,A,9,0.8820652101163595,0.04607406216126764,A,9,0.9731816233257697,0.2897796426806488,
src_002,393,REVIEW_LOW_CONFIDENCE,F,5,0.6538703398305392,0.043988545577877236,F,5,0.6797679917002072,0.0705389205114707,
src_002,406,REVIEW_LOW_CONFIDENCE,F,5,0.784853897345107,0.04257574597768987,F,5,0.9223864242431704,0.06993597784498129,
src_002,408,AMBIGUOUS_FRAME_DISAGREEMENT,Bb,10,0.7759318915005361,0.0015286580233740965,Eb,3,0.928115933499011,0.07174803561407894,
src_002,411,REVIEW_LOW_CONFIDENCE,d,5,0.8392695947006671,0.269492257273346,d,5,0.869618306634297,0.04847741957356255,
src_002,419,REVIEW_LOW_CONFIDENCE,c,3,0.8053933269612014,0.18303673790447939,c,3,0.8810735001603109,0.0246155625784773,
src_002,420,AMBIGUOUS_FRAME_DISAGREEMENT,Ab,8,0.8067265362552106,0.004125112079693238,C#,1,0.9356857145251417,0.13253574564097315,
src_002,423,REVIEW_LOW_CONFIDENCE,c,3,0.8211739457418676,0.11283053764234063,c,3,0.8313824676072813,0.010180603206296768,
src_002,426,REVIEW_LOW_CONFIDENCE,Eb,3,0.8501908419105458,0.001558203513342793,Eb,3,0.9616572727371355,0.2047004991912964,
src_002,432,AMBIGUOUS_FRAME_DISAGREEMENT,c#,4,0.9041472222583058,0.20595023397809165,A,9,0.8205051330986258,0.039296116337577125,
src_002,436,AMBIGUOUS_FRAME_DISAGREEMENT,d,5,0.8595554827616768,0.13236488394706802,Bb,10,0.9144111117090167,0.21649472752306675,
src_002,438,REVIEW_LOW_CONFIDENCE,b,2,0.8248992045723083,0.17998092105796637,b,2,0.888288804223314,0.04135903299762789,
src_002,442,REVIEW_LOW_CONFIDENCE,D,2,0.8906828540283144,0.048367741849159374,D,2,0.9745012085361151,0.2560139474879789,
src_002,446,REVIEW_LOW_CONFIDENCE,A,9,0.8140522214727596,0.0017317215766122773,A,9,0.8714596410898439,0.12820157203607907,
src_002,448,REVIEW_LOW_CONFIDENCE,B,11,0.8224603701119546,0.028296581665979703,B,11,0.9047980753059972,0.12173404660612586,
src_002,452,AMBIGUOUS_FRAME_DISAGREEMENT,a,0,0.8769841483169054,0.2476296790608905,d,5,0.8697354228823662,0.03220718244009679,
src_002,456,AMBIGUOUS_FRAME_DISAGREEMENT,G,7,0.8125898755438732,0.10656322338654622,C,0,0.8556987098940267,0.0532149910087919,
src_002,466,AMBIGUOUS_FRAME_DISAGREEMENT,Bb,10,0.9204477825848102,0.16296759591293275,Eb,3,0.9143217713871231,0.07596724008936329,
src_002,470,AMBIGUOUS_FRAME_DISAGREEMENT,G,7,0.7940716063359465,0.10871036230566133,a,0,0.8953504726905858,0.026224944127288485,
src_002,485,AMBIGUOUS_FRAME_DISAGREEMENT,ab,11,0.7963077180907396,0.0015496638482707104,c#,4,0.9216089578384615,0.28946480564334665,
src_003,494,REVIEW_LOW_CONFIDENCE,c,3,0.7868195447664429,0.022551129744006526,c,3,0.8441411438131634,0.1517960593543506,
src_003,495,REVIEW_LOW_CONFIDENCE,C,0,0.7644564470485343,0.07675050793347427,C,0,0.9077693919239976,0.012702963339469742,
src_003,497,REVIEW_LOW_CONFIDENCE,e,7,0.9105057690917947,0.3787507951717852,e,7,0.7685186506940332,0.035732340636194126,
src_003,498,REVIEW_LOW_CONFIDENCE,c,3,0.8136262048974314,0.07586421758887285,c,3,0.8094044554396248,0.023264069467476056,
src_003,501,AMBIGUOUS_FRAME_DISAGREEMENT,bb,1,0.8448220227530959,0.24454520527685952,eb,6,0.8484205571099526,0.008485612794552622,
src_003,505,REVIEW_LOW_CONFIDENCE,A,9,0.8583258825902512,0.03771757273657661,A,9,0.9684488030503893,0.21616398804601156,
src_003,506,REVIEW_LOW_CONFIDENCE,f,8,0.9475360767405329,0.26644003914389947,f,8,0.8159905959979522,0.012782475085753475,
src_003,510,REVIEW_LOW_CONFIDENCE,D,2,0.7851112862174681,0.018473407761306793,D,2,0.9082559895443888,0.07909594617140547,
src_003,511,AMBIGUOUS_FRAME_DISAGREEMENT,E,4,0.7946177032799643,0.06359510051080652,A,9,0.9259289369192173,0.1273372850472373,
src_003,514,AMBIGUOUS_FRAME_DISAGREEMENT,d,5,0.8276474002776615,0.10501267720343554,g,10,0.8340175929028726,0.0484484255017581,
src_003,515,AMBIGUOUS_FRAME_DISAGREEMENT,e,7,0.9124893196962045,0.24518464898574177,C,0,0.8145716194580981,0.059556013614991854,
src_003,523,AMBIGUOUS_FRAME_DISAGREEMENT,E,4,0.8765058299956178,0.025615692267522694,A,9,0.8622118630190476,0.11115708694476456,
src_003,529,AMBIGUOUS_FRAME_DISAGREEMENT,e,7,0.8416671974830429,0.09244099553921203,a,0,0.8151794574902596,0.06967787174000162,
src_003,530,AMBIGUOUS_FRAME_DISAGREEMENT,c#,4,0.8797638960040187,0.25067964007645094,f#,9,0.8809035303036322,0.027202138370442386,
src_003,533,AMBIGUOUS_FRAME_DISAGREEMENT,Bb,10,0.767794930296882,0.06497566069661209,Eb,3,0.8707509063424588,0.07825415662623425,
src_003,534,REVIEW_LOW_CONFIDENCE,e,7,0.7236000892660882,0.04925319427381225,e,7,0.964232997691738,0.1029907190655801,
src_003,536,REVIEW_LOW_CONFIDENCE,Bb,10,0.788667093979117,0.041690404885133425,Bb,10,0.8040213969218809,0.019880396106567333,
src_003,537,AMBIGUOUS_FRAME_DISAGREEMENT,C,0,0.8520556165990424,0.08884285474986675,F,5,0.9015364075056429,0.07610092727249596,
src_003,539,AMBIGUOUS_FRAME_DISAGREEMENT,e,7,0.7245074553694231,0.0869991343403036,a,0,0.8784498474199861,0.09433652236344503,
src_003,540,AMBIGUOUS_FRAME_DISAGREEMENT,c#,4,0.8988198311903717,0.278373328267429,f#,9,0.869904791194595,0.08321185120880159,
src_003,543,REVIEW_LOW_CONFIDENCE,c,3,0.9084649174281332,0.2918816996573691,Eb,3,0.7715952661539606,0.00016969535321209595,
src_003,545,REVIEW_LOW_CONFIDENCE,B,11,0.8682750305467057,0.04486520696224894,B,11,0.8307689585424115,0.07192591654385538,
src_003,546,REVIEW_LOW_CONFIDENCE,D,2,0.7952935268379223,0.012279070690357274,D,2,0.9026695614218889,0.09291033419603723,
src_003,549,AMBIGUOUS_FRAME_DISAGREEMENT,D,2,0.7831845366274918,0.1561254718720475,G,7,0.6662581046126856,0.02983788331236492,
src_003,555,REVIEW_LOW_CONFIDENCE,a,0,0.8237183362840376,0.22451703376620513,a,0,0.8250057335746258,0.025746269534529742,
src_003,556,REVIEW_LOW_CONFIDENCE,a,0,0.8534786246569727,0.26149494115862626,a,0,0.8702777524299486,0.036175096486614655,
src_003,557,AMBIGUOUS_FRAME_DISAGREEMENT,D,2,0.6339652123224891,0.01023249239342483,e,7,0.8308229757278639,0.051621162672618515,
src_003,558,AMBIGUOUS_FRAME_DISAGREEMENT,A,9,0.7493793650457713,0.01807486659415658,b,2,0.914293080288994,0.04560684208278343,
src_003,559,AMBIGUOUS_FRAME_DISAGREEMENT,a,0,0.8081007839970625,0.07789140714225096,F,5,0.8926225527315963,0.18018040805135183,
src_003,560,AMBIGUOUS_FRAME_DISAGREEMENT,e,7,0.792029088435266,0.08205017467317122,a,0,0.9166828852999808,0.07083290348642135,
src_003,566,REVIEW_LOW_CONFIDENCE,Bb,10,0.9516459781162199,0.28135015658155493,Bb,10,0.8098605414729264,0.024760719846832036,
src_003,567,REVIEW_LOW_CONFIDENCE,d,5,0.772295147758829,0.10248735002162757,d,5,0.8421446020319863,0.02710569112025507,
src_003,574,REVIEW_LOW_CONFIDENCE,f#,9,0.770709693341134,0.016837811901351696,f#,9,0.9542216846589657,0.19992005813286018,
src_003,576,REVIEW_LOW_CONFIDENCE,Ab,8,0.7921605234424288,0.025056685420116298,Ab,8,0.8824898300824349,0.10661641985385284,
src_003,579,AMBIGUOUS_FRAME_DISAGREEMENT,c,3,0.8643819812493314,0.12567485626503638,f,8,0.8528184268663841,0.1663627581647702,
src_003,582,AMBIGUOUS_FRAME_DISAGREEMENT,E,4,0.802510168253604,0.1498875414685038,f#,9,0.9065112429691827,0.02947071277428004,
src_003,584,AMBIGUOUS_FRAME_DISAGREEMENT,C,0,0.8172356245903727,0.027169651345153367,F,5,0.8612731051430979,0.09251538272994608,
src_003,587,AMBIGUOUS_FRAME_DISAGREEMENT,E,4,0.8291512912455574,0.011876166547083233,A,9,0.8433313495611224,0.11404296287128401,
src_003,590,REVIEW_LOW_CONFIDENCE,C,0,0.8355828834594646,0.13471545985694944,C,0,0.9263904873162545,0.03456428204396955,
src_003,592,REVIEW_LOW_CONFIDENCE,ab,11,0.7567501944661488,0.0471235803832899,ab,11,0.9025195592503087,0.10703633675892588,
src_003,594,AMBIGUOUS_FRAME_DISAGREEMENT,d,5,0.8192052540415241,0.04328891897897591,g,10,0.8795930839583812,0.11806728130549493,
src_003,596,REVIEW_LOW_CONFIDENCE,E,4,0.6513416508677454,0.04591293317534595,E,4,0.8522783001649368,0.027766263001111846,
src_003,598,AMBIGUOUS_FRAME_DISAGREEMENT,C#,1,0.7624467434023603,0.002512547625177497,F#,6,0.9199689825565024,0.037807756995804076,
src_003,599,AMBIGUOUS_FRAME_DISAGREEMENT,e,7,0.8165249632704107,0.2130682317705681,a,0,0.8401543797686647,0.15669635096897816,
src_003,601,AMBIGUOUS_FRAME_DISAGREEMENT,e,7,0.8529763553421057,0.07312403434028991,C,0,0.8763425703014125,0.24785285868585283,
src_003,602,AMBIGUOUS_FRAME_DISAGREEMENT,c,3,0.8204492439266559,0.05733040267467471,f,8,0.8704271072605956,0.11705514962590824,
src_003,607,REVIEW_LOW_CONFIDENCE,ab,11,0.9084138767778077,0.3572600670527529,ab,11,0.8242162435096188,0.03515806684763978,
src_003,608,REVIEW_LOW_CONFIDENCE,F#,6,0.8647475996069023,0.17848348450170048,F#,6,0.8506226610670233,0.01356764029137858,
src_003,610,AMBIGUOUS_FRAME_DISAGREEMENT,C,0,0.7858985638625241,0.06818680712033276,F,5,0.8929468664811065,0.06353837375491889,
src_003,619,REVIEW_LOW_CONFIDENCE,C,0,0.8166357524116606,0.039235615392343215,C,0,0.9396695026788069,0.09556706129287118,
src_003,627,REVIEW_LOW_CONFIDENCE,G,7,0.936162934552778,0.24999823036739433,G,7,0.8722521958978346,0.043852338935389756,
src_003,628,AMBIGUOUS_FRAME_DISAGREEMENT,Bb,10,0.909426416354921,0.11048731167965031,Eb,3,0.858420700427437,0.010719572440726632,
src_003,634,AMBIGUOUS_FRAME_DISAGREEMENT,G,7,0.9257670609779799,0.12383057327789915,C,0,0.8776344141312226,0.058750719268824136,
src_003,635,AMBIGUOUS_FRAME_DISAGREEMENT,Bb,10,0.8036421099584976,0.08283091415438881,Eb,3,0.8860490418168132,0.019529519979330612,
src_003,636,AMBIGUOUS_FRAME_DISAGREEMENT,Ab,8,0.9233537082690416,0.12907787964631767,C#,1,0.8557839931605085,0.021175232531480903,
src_003,640,REVIEW_LOW_CONFIDENCE,bb,1,0.9335141935906444,0.22915159186189782,bb,1,0.792848316104921,0.00814590909896784,
src_003,641,AMBIGUOUS_FRAME_DISAGREEMENT,a,0,0.7824054861770915,0.002085341329891577,F,5,0.903528526426167,0.238153617742074,
src_003,645,AMBIGUOUS_FRAME_DISAGREEMENT,c,3,0.7856148811381851,0.14760668234331553,f,8,0.878339896601023,0.02378423486087511,
src_003,649,AMBIGUOUS_FRAME_DISAGREEMENT,bb,1,0.8832022032030575,0.28526213551619994,eb,6,0.8647839364973581,0.031424123491803124,
src_003,650,AMBIGUOUS_FRAME_DISAGREEMENT,e,7,0.8506098194213267,0.10032073866177671,a,0,0.838391328552321,0.16171487072434498,
src_003,651,REVIEW_LOW_CONFIDENCE,C,0,0.9530927303545632,0.2579190424789324,C,0,0.8382027175029398,0.030891984989105392,
src_003,653,REVIEW_LOW_CONFIDENCE,D,2,0.8542856165127978,0.17987090678489637,D,2,0.8532116271658342,0.017677845501946843,
src_003,655,REVIEW_LOW_CONFIDENCE,d,5,0.7447392942402862,0.026341585478950158,d,5,0.9192680722829994,0.21102257153525383,
src_003,656,AMBIGUOUS_FRAME_DISAGREEMENT,C#,1,0.8776012025130364,0.28598119334112493,F#,6,0.8144615496434843,0.054680740149343654,
src_003,660,REVIEW_LOW_CONFIDENCE,Bb,10,0.8857652714932168,0.2455199513531937,Bb,10,0.7582712989771234,0.0073737390475734355,
src_003,665,REVIEW_LOW_CONFIDENCE,ab,11,0.8108610553137421,0.17704235070635121,ab,11,0.8132731448061852,0.005407452052879291,
src_003,666,AMBIGUOUS_FRAME_DISAGREEMENT,e,7,0.9230905681367529,0.30804899821201315,a,0,0.7910887939183155,0.059670214478032446,
src_003,667,AMBIGUOUS_FRAME_DISAGREEMENT,b,2,0.7885744188422327,0.06609387354847185,e,7,0.8786982102233082,0.20510157167049758,
src_003,668,REVIEW_LOW_CONFIDENCE,f,8,0.8660206598945099,0.22714607880285176,Ab,8,0.856868999630526,0.0289492568115729,
src_003,669,AMBIGUOUS_FRAME_DISAGREEMENT,A,9,0.9007222120089998,0.2032914398704906,D,2,0.8388491350898492,0.1084735134572613,
src_003,670,REVIEW_LOW_CONFIDENCE,ab,11,0.7620057858342555,0.04297611894265918,ab,11,0.8861421130887365,0.17194723339992435,
src_003,673,AMBIGUOUS_FRAME_DISAGREEMENT,c#,4,0.7910081834844552,0.17600248450534384,f#,9,0.8584567114075569,0.022559685928187134,
src_003,674,REVIEW_LOW_CONFIDENCE,g,10,0.8842282267827453,0.2666312949286165,g,10,0.8120113542860958,0.03932690571385189,
src_003,676,AMBIGUOUS_FRAME_DISAGREEMENT,F,5,0.8423092736504937,0.11836229099431728,Bb,10,0.8824010777189606,0.05834852627073339,
src_003,685,REVIEW_LOW_CONFIDENCE,bb,1,0.7843506569135414,0.16029567057631566,bb,1,0.8326938946420567,0.0017135643781399645,
src_003,686,REVIEW_LOW_CONFIDENCE,f#,9,0.781453002884242,0.08241445210630172,A,9,0.8565845373787273,0.014032206607608178,
src_003,688,AMBIGUOUS_FRAME_DISAGREEMENT,G,7,0.7754367060482119,0.10467495867526377,a,0,0.8657146447857135,0.035375631260984086,
src_003,689,AMBIGUOUS_FRAME_DISAGREEMENT,ab,11,0.9302341225980707,0.29565632844547274,c#,4,0.7431873105654234,0.0296674091606578,
src_003,690,AMBIGUOUS_FRAME_DISAGREEMENT,D,2,0.8386042841616391,0.01779137014483001,G,7,0.8845482908822474,0.10776488117812444,
src_003,700,REVIEW_LOW_CONFIDENCE,Bb,10,0.9530894962249291,0.23432080450718107,Bb,10,0.8519797449352888,0.04264576480413351,
src_003,702,AMBIGUOUS_FRAME_DISAGREEMENT,B,11,0.9269824983507129,0.12529990257863344,E,4,0.8640943166841897,0.03833725540333033,
src_003,703,REVIEW_LOW_CONFIDENCE,g,10,0.8991286194311223,0.3289046973236245,g,10,0.8036301841384869,0.0012348007933105087,
src_003,704,AMBIGUOUS_FRAME_DISAGREEMENT,F#,6,0.7460258004275299,0.0784195470423521,c#,4,0.8602224228295668,0.00433902679059206,
src_003,709,AMBIGUOUS_FRAME_DISAGREEMENT,Bb,10,0.8274758130431812,0.030054638441250336,Eb,3,0.8781962707917154,0.16290480128003093,
src_003,710,AMBIGUOUS_FRAME_DISAGREEMENT,ab,11,0.8146554404456854,0.17377182267833768,c#,4,0.7759264152858301,0.031109526102016227,
src_003,711,AMBIGUOUS_FRAME_DISAGREEMENT,bb,1,0.787746751228515,0.19034367065532476,eb,6,0.9195940453822358,0.09529265418598176,
src_003,718,AMBIGUOUS_FRAME_DISAGREEMENT,d,5,0.7812563883622939,0.039873321176745025,g,10,0.8395223881849011,0.23496164795693741,
src_003,724,AMBIGUOUS_FRAME_DISAGREEMENT,e,7,0.8013219403832635,0.14439872324142589,a,0,0.886696999382997,0.1001834909381345,
src_003,726,AMBIGUOUS_FRAME_DISAGREEMENT,bb,1,0.8634740888057059,0.18377879186239976,eb,6,0.8860581058817844,0.04088057435021042,
src_003,728,REVIEW_LOW_CONFIDENCE,eb,6,0.8220249825158963,0.14350202570517323,eb,6,0.8410114286120252,0.012532667620247961,
src_003,730,REVIEW_LOW_CONFIDENCE,a,0,0.7670496607574471,0.04863496966010428,C,0,0.850406527387572,0.00014897077497422195,
src_003,731,AMBIGUOUS_FRAME_DISAGREEMENT,c#,4,0.7724098692599564,0.09346309780028084,f#,9,0.9411451725523787,0.13927838655312086,
src_003,732,AMBIGUOUS_FRAME_DISAGREEMENT,d,5,0.8458283755847739,0.1338687097108363,g,10,0.849200809936775,0.08623356198203824,
src_003,733,AMBIGUOUS_FRAME_DISAGREEMENT,c#,4,0.8801994629976194,0.18797474785669332,f#,9,0.8230448612972293,0.08923158897875028,
src_003,737,AMBIGUOUS_FRAME_DISAGREEMENT,D,2,0.8617115596767688,0.2108985382074412,G,7,0.8289650819769683,0.0319601225533217,
src_003,739,AMBIGUOUS_FRAME_DISAGREEMENT,E,4,0.6579052605272141,0.03269223736666094,A,9,0.8266165810006049,0.019926527857518916,
src_003,740,AMBIGUOUS_FRAME_DISAGREEMENT,c,3,0.8223457880489357,0.10851885204019851,f,8,0.9185575376424818,0.1317171834553168,
src_003,741,REVIEW_LOW_CONFIDENCE,f#,9,0.8072248531624023,0.11158835102344922,f#,9,0.8615833747690221,0.048568944540749115,
src_003,744,AMBIGUOUS_FRAME_DISAGREEMENT,g,10,0.7937004065367312,0.018006310396837866,c,3,0.887472100257139,0.15601167770598012,
src_003,746,AMBIGUOUS_FRAME_DISAGREEMENT,eb,6,0.8892598770279421,0.2950304691018115,ab,11,0.8688891146557389,0.004429873532111772,
src_003,749,AMBIGUOUS_FRAME_DISAGREEMENT,g,10,0.9049283706849951,0.14460525433435634,Eb,3,0.8540989913924791,0.15558565207066688,
src_003,756,AMBIGUOUS_FRAME_DISAGREEMENT,eb,6,0.8141554437971419,0.0834798259704822,B,11,0.697707137674785,0.008165079563129396,
src_003,759,AMBIGUOUS_FRAME_DISAGREEMENT,ab,11,0.7220728695150762,0.04499962611539632,c#,4,0.8390097056712261,0.09954933173873759,
src_003,761,REVIEW_LOW_CONFIDENCE,A,9,0.9880869085877227,0.3817018716280167,A,9,0.8393901187820139,0.04955420305037961,
src_003,766,AMBIGUOUS_FRAME_DISAGREEMENT,g,10,0.8716712403467013,0.18031306542994863,Eb,3,0.8091871773501242,0.033223818724673726,
src_003,768,REVIEW_LOW_CONFIDENCE,f,8,0.7588020502997224,0.025556235062018318,f,8,0.8451654953033738,0.08405014171526903,
src_003,773,REVIEW_LOW_CONFIDENCE,C,0,0.9436962888814021,0.31175546863771997,C,0,0.8509163959135226,0.039372894862115815,
src_004,774,REVIEW_LOW_CONFIDENCE,E,4,0.8758480748607442,0.033427829318438684,E,4,0.9154809221489904,0.25289108497798896,
src_004,776,REVIEW_LOW_CONFIDENCE,D,2,0.8646452637823424,0.03868242382087672,D,2,0.937997628853836,0.25086135705921786,
src_004,778,REVIEW_LOW_CONFIDENCE,B,11,0.8556818707667291,0.02903950742437411,B,11,0.936102719366884,0.15470464097189773,
src_004,780,AMBIGUOUS_FRAME_DISAGREEMENT,c,3,0.7434803561722662,0.03921188785356433,f,8,0.8128432717789408,0.15267320170062582,
src_004,781,REVIEW_LOW_CONFIDENCE,Ab,8,0.941171163108435,0.3939918868221919,Ab,8,0.7756607432652586,0.025741260845096536,
src_004,784,AMBIGUOUS_FRAME_DISAGREEMENT,d,5,0.7943376944355361,0.040719458698348254,g,10,0.8284230627009649,0.12957334494235728,
src_004,787,AMBIGUOUS_FRAME_DISAGREEMENT,c#,4,0.8913692191260764,0.15519873179326515,A,9,0.8878496358193516,0.21147562420109,
src_004,791,REVIEW_LOW_CONFIDENCE,f#,9,0.7500808391820398,0.0045352412066694825,f#,9,0.8630208973790949,0.01363928163868533,
src_004,792,AMBIGUOUS_FRAME_DISAGREEMENT,ab,11,0.8216657758809865,0.05973911298478818,c#,4,0.9481578538669524,0.23684891492801285,
src_004,794,REVIEW_LOW_CONFIDENCE,F,5,0.8232335376660375,0.043983789991763,F,5,0.9236927516185303,0.23770931557837305,
src_004,795,REVIEW_LOW_CONFIDENCE,C,0,0.7799545814325054,0.034501603104457934,a,0,0.8969224452809357,0.08315777334195484,
src_004,801,AMBIGUOUS_FRAME_DISAGREEMENT,f#,9,0.8761235263031372,0.09814562937457205,D,2,0.8026259357584878,0.0914294882955764,
src_004,802,AMBIGUOUS_FRAME_DISAGREEMENT,g,10,0.7885737104237579,0.24759268641960708,Eb,3,0.7710477421286247,0.19570138050864128,
src_004,817,AMBIGUOUS_FRAME_DISAGREEMENT,A,9,0.9032885458011741,0.19139752312949976,D,2,0.8586024125999729,0.03384408246986581,
src_004,818,AMBIGUOUS_FRAME_DISAGREEMENT,f,8,0.7908967699961024,0.24739126448364412,bb,1,0.7653675709846942,0.13542613498005862,
src_004,819,AMBIGUOUS_FRAME_DISAGREEMENT,f#,9,0.8601659087972607,0.12663890493307395,D,2,0.8146915343689456,0.07560168722379845,
src_004,823,REVIEW_LOW_CONFIDENCE,D,2,0.9734964654147906,0.29068515000206463,D,2,0.8686641416388702,0.047805623411574016,
src_004,825,AMBIGUOUS_FRAME_DISAGREEMENT,f#,9,0.6845038814686014,0.014501369354479987,b,2,0.8306216471239042,0.2378954497257193,
src_004,829,AMBIGUOUS_FRAME_DISAGREEMENT,c#,4,0.7749289906377459,0.18112192236078872,f#,9,0.9120815599277651,0.051168567447414826,
src_004,836,REVIEW_LOW_CONFIDENCE,E,4,0.8061737395418413,0.01072122329084313,E,4,0.8217320706841224,0.15390534248279064,
src_004,842,REVIEW_LOW_CONFIDENCE,Ab,8,0.9717514284761076,0.3416750573208105,Ab,8,0.8573919390541332,0.03576335721935042,
src_004,846,AMBIGUOUS_FRAME_DISAGREEMENT,c,3,0.970688215096886,0.3033527497974493,Ab,8,0.797816316329667,0.031145620681944708,
src_004,853,REVIEW_LOW_CONFIDENCE,c,3,0.7748129110825505,0.04275352456284787,c,3,0.8972477424698944,0.06647575002202988,
src_004,856,AMBIGUOUS_FRAME_DISAGREEMENT,C,0,0.8079761077206574,0.08102372627894971,d,5,0.8148388355138443,0.0002069938827012896,
src_004,860,AMBIGUOUS_FRAME_DISAGREEMENT,a,0,0.846376329091005,0.05022974790080825,F,5,0.8753588101125036,0.22536471164651672,
src_004,868,AMBIGUOUS_FRAME_DISAGREEMENT,c,3,0.7673065141414889,0.07911374910786495,f,8,0.9047412093855608,0.10334845963440786,
src_004,869,REVIEW_LOW_CONFIDENCE,ab,11,0.8093686387865512,0.18317622716957993,ab,11,0.8753818244682537,0.04009002574848308,
src_004,870,AMBIGUOUS_FRAME_DISAGREEMENT,c,3,0.7815925004980135,0.030983081000384938,f,8,0.917485830857695,0.1857249167809224,
src_004,872,REVIEW_LOW_CONFIDENCE,e,7,0.7032632725211447,0.03818583959717792,e,7,0.7013176061242841,0.005454656889482101,
src_004,873,AMBIGUOUS_FRAME_DISAGREEMENT,C,0,0.8776976500690604,0.06668057936672012,F,5,0.8517027386671637,0.16191860441637285,
src_004,880,AMBIGUOUS_FRAME_DISAGREEMENT,Eb,3,0.728123193647302,0.003929237198101787,Ab,8,0.8464839443129522,0.16880488361600654,
src_004,881,REVIEW_LOW_CONFIDENCE,Eb,3,0.8704787703474,0.0439486572858403,Eb,3,0.9758838408670915,0.20712792039343475,
src_004,884,REVIEW_LOW_CONFIDENCE,c#,4,0.8519505513898217,0.26916515720460354,c#,4,0.8559339082495993,0.00424553306915143,
src_004,885,AMBIGUOUS_FRAME_DISAGREEMENT,c,3,0.7400777247210923,0.19589521231392582,Ab,8,0.6770210242172551,0.22278162591660516,
src_004,886,AMBIGUOUS_FRAME_DISAGREEMENT,a,0,0.7570089445655945,0.16259372179903175,F,5,0.801611297021156,0.22634065711582008,
src_004,887,AMBIGUOUS_FRAME_DISAGREEMENT,D,2,0.8654141183846028,0.07039692133162445,G,7,0.8992022791262371,0.1912525366385256,
src_004,888,AMBIGUOUS_FRAME_DISAGREEMENT,c#,4,0.8629631914146552,0.16013835086670114,f#,9,0.894946652717122,0.056334439854159535,
src_004,893,AMBIGUOUS_FRAME_DISAGREEMENT,G,7,0.9307051251888615,0.13960954072674814,C,0,0.888425821603737,0.022052170558037987,
src_004,894,AMBIGUOUS_FRAME_DISAGREEMENT,F#,6,0.9003100031843378,0.12281775286668162,B,11,0.7943715470118569,0.05641382219085134,
src_004,897,AMBIGUOUS_FRAME_DISAGREEMENT,ab,11,0.8266907269879125,0.18181566435418361,c#,4,0.8200316133809075,0.04182802821610632,
src_004,898,AMBIGUOUS_FRAME_DISAGREEMENT,ab,11,0.7975282494717887,0.07137706466051108,c#,4,0.7267095667827981,0.04399302734079802,
src_004,899,REVIEW_LOW_CONFIDENCE,c#,4,0.7417881311307652,0.032560550955455514,c#,4,0.778859373347875,0.03379112045146648,
src_004,900,AMBIGUOUS_FRAME_DISAGREEMENT,D,2,0.8672693055709508,0.05139047603514735,G,7,0.9397559940194964,0.14686331888241033,
src_004,908,AMBIGUOUS_FRAME_DISAGREEMENT,f#,9,0.7998496710737031,0.18821325710182513,b,2,0.8513762840803177,0.043178979065061296,
src_004,914,REVIEW_LOW_CONFIDENCE,e,7,0.8952585464794715,0.3225630531903658,e,7,0.8434319409817294,0.036436649733770254,
src_004,919,REVIEW_LOW_CONFIDENCE,D,2,0.7850200823289853,0.06714690318498828,D,2,0.8177836275957854,0.02094476089048425,
src_004,927,AMBIGUOUS_FRAME_DISAGREEMENT,d,5,0.854337176733171,0.3703259324174534,Bb,10,0.6931067445201512,0.07045709679660972,
src_004,929,AMBIGUOUS_FRAME_DISAGREEMENT,d,5,0.8266873542614334,0.1387976959828422,g,10,0.8708956360006204,0.060116015003712886,
src_004,932,AMBIGUOUS_FRAME_DISAGREEMENT,Ab,8,0.8811187870569998,0.14600585188655313,C#,1,0.8775759349213921,0.12443213848964796,
src_004,933,REVIEW_LOW_CONFIDENCE,Bb,10,0.954567397418602,0.31704460291180414,Bb,10,0.838121582484454,0.04011707170679335,
src_004,934,REVIEW_LOW_CONFIDENCE,c,3,0.48634372469701864,0.010349027766719587,c,3,0.5993158110615359,0.18188727807819166,
src_004,943,REVIEW_LOW_CONFIDENCE,Ab,8,0.8741128762736282,0.008082297678441375,Ab,8,0.9250918069611331,0.14905486183698724,
src_004,945,AMBIGUOUS_FRAME_DISAGREEMENT,D,2,0.8664220093360109,0.002713751634928152,G,7,0.968458897298482,0.25472815173993424,
src_004,949,AMBIGUOUS_FRAME_DISAGREEMENT,Bb,10,0.898102637999171,0.0879588003720485,Eb,3,0.9197212298753862,0.19932335451084493,
src_004,953,REVIEW_LOW_CONFIDENCE,G,7,0.8874393811660416,0.03869766134653507,G,7,0.9558366223787901,0.2402273025221603,
src_004,956,REVIEW_LOW_CONFIDENCE,g,10,0.7949526190992884,0.0853355945424884,g,10,0.8362358676935758,0.006933851535944169,
src_004,957,AMBIGUOUS_FRAME_DISAGREEMENT,a,0,0.8964890763280755,0.20010899076200173,F,5,0.8605774386380601,0.17834773018497396,
src_004,961,REVIEW_LOW_CONFIDENCE,C,0,0.9120459581131664,0.2310848013044141,C,0,0.7999776634883228,0.0002012185137688638,
src_004,962,REVIEW_LOW_CONFIDENCE,C,0,0.9775891526276225,0.39522625415653867,C,0,0.8085653152392336,0.029065719293094316,
src_004,963,AMBIGUOUS_FRAME_DISAGREEMENT,C,0,0.8857544774447123,0.20071467731996406,F,5,0.837620766974927,0.03607329087583089,
src_004,968,REVIEW_LOW_CONFIDENCE,G,7,0.776739234053396,0.073101493928443,G,7,0.8862153893626437,0.01670268151853349,
src_004,970,AMBIGUOUS_FRAME_DISAGREEMENT,f,8,0.9348588008988294,0.251103629515091,C#,1,0.8417329641466418,0.03644852526905551,
src_004,974,REVIEW_LOW_CONFIDENCE,e,7,0.9136183708165002,0.1970029971274968,e,7,0.7166739417593485,0.018640598696557542,
src_004,977,AMBIGUOUS_FRAME_DISAGREEMENT,Bb,10,0.8075492894682679,0.012842563724734024,bb,1,0.7853032500354367,0.03722952579356653,
src_004,978,REVIEW_LOW_CONFIDENCE,B,11,0.7112477843660701,0.17307732238416218,ab,11,0.6209742603568158,0.0005771953629255533,
src_004,980,REVIEW_LOW_CONFIDENCE,d,5,0.8984970451651058,0.24274732683002076,d,5,0.8480572850610385,0.04167044909629991,
src_004,981,AMBIGUOUS_FRAME_DISAGREEMENT,Eb,3,0.8134834333615726,0.00822559771675424,Ab,8,0.8590969972514254,0.07253761065781983,
src_004,985,AMBIGUOUS_FRAME_DISAGREEMENT,A,9,0.8430430182644102,0.03363373292962801,D,2,0.9662689351549906,0.27753982936824817,
src_004,992,REVIEW_LOW_CONFIDENCE,D,2,0.8625641767289275,0.03378812947154364,D,2,0.9656354717211103,0.2983522234083694,
src_004,993,AMBIGUOUS_FRAME_DISAGREEMENT,Ab,8,0.8118370129781821,0.16228304564299112,bb,1,0.8761476887690659,0.0364677445545305,
src_004,994,REVIEW_LOW_CONFIDENCE,Bb,10,0.9364434213498048,0.40626945161730077,Bb,10,0.7400674933448691,0.03421659985240133,
src_004,998,AMBIGUOUS_FRAME_DISAGREEMENT,Ab,8,0.940968057589448,0.3076520449552389,C#,1,0.8233461572612515,0.019037730546325293,
src_004,1005,REVIEW_LOW_CONFIDENCE,g,10,0.8202871860408639,0.19222570321259957,g,10,0.8124956188087249,0.004670145850401819,
src_004,1010,AMBIGUOUS_FRAME_DISAGREEMENT,C,0,0.924200758714973,0.26299875706835574,F,5,0.8225781781942869,0.014190282899478657,
src_004,1013,AMBIGUOUS_FRAME_DISAGREEMENT,c#,4,0.7098742477332961,0.142799254983753,f#,9,0.7068426809880398,0.27840169635955136,
src_004,1015,AMBIGUOUS_FRAME_DISAGREEMENT,d,5,0.7790847872583041,0.133684855483728,g,10,0.8265678555828735,0.04870267476058843,
src_004,1018,REVIEW_LOW_CONFIDENCE,F,5,0.7875887707209539,0.10289268208052349,F,5,0.8779618307166962,0.015012746440481894,
src_004,1025,AMBIGUOUS_FRAME_DISAGREEMENT,f#,9,0.9058053873040113,0.38454981534895816,b,2,0.8290310891519088,0.010065292429302541,
src_004,1028,REVIEW_LOW_CONFIDENCE,Eb,3,0.8425394865413712,0.014958637943137898,Eb,3,0.8907744690346193,0.11525386218285416,
src_004,1030,REVIEW_LOW_CONFIDENCE,C,0,0.8403762302168646,0.20044195743271354,C,0,0.8186999469553174,0.01784628610224026,
src_004,1035,AMBIGUOUS_FRAME_DISAGREEMENT,b,2,0.8002528791516014,0.015970302089980293,e,7,0.9051700845249497,0.1767505539561327,
src_004,1053,AMBIGUOUS_FRAME_DISAGREEMENT,C#,1,0.7731371337018145,0.00622852603354096,F#,6,0.9130339617639626,0.15832213641741788,
src_004,1056,AMBIGUOUS_FRAME_DISAGREEMENT,f,8,0.7830271515036215,0.026010316053157068,bb,1,0.8815089424420435,0.11675648204910272,
src_004,1072,AMBIGUOUS_FRAME_DISAGREEMENT,a,0,0.847009801030125,0.17588660780972076,d,5,0.9125069299697415,0.13130517483995507,
src_004,1079,REVIEW_LOW_CONFIDENCE,C,0,0.8863071576753636,0.33796548464819076,C,0,0.8148745395140677,0.02047170337131543,
src_004,1083,AMBIGUOUS_FRAME_DISAGREEMENT,F,5,0.8295331562310093,0.03253133572200673,f,8,0.8611547354605039,0.15239923774469333,
src_004,1085,AMBIGUOUS_FRAME_DISAGREEMENT,C,0,0.8674746691256789,0.04941902412110999,F,5,0.9502698363336403,0.17777785828452386,
src_004,1088,REVIEW_LOW_CONFIDENCE,F#,6,0.8509773687280314,0.03860719839849436,F#,6,0.8792830983149927,0.17879191695953878,
src_004,1090,AMBIGUOUS_FRAME_DISAGREEMENT,E,4,0.7244173377324877,0.018870287630257998,b,2,0.8554021445849685,0.011067277038250167,
src_004,1091,REVIEW_LOW_CONFIDENCE,Bb,10,0.958747208271235,0.3192252547562052,Bb,10,0.8196163704069935,0.01668377337423199,
src_004,1098,REVIEW_LOW_CONFIDENCE,C,0,0.7984150126487647,0.057928012219860325,C,0,0.7732459290297009,0.03737718504267118,
src_004,1099,REVIEW_LOW_CONFIDENCE,f#,9,0.798830353257964,0.14195707977161098,A,9,0.8819498847154426,0.006337753406433944,
src_004,1108,AMBIGUOUS_FRAME_DISAGREEMENT,f,8,0.856459881446545,0.09085511129479928,C#,1,0.9103792320061748,0.26420438801492774,
src_004,1110,REVIEW_LOW_CONFIDENCE,Ab,8,0.7982092981643509,0.023505061397728788,Ab,8,0.858010878432238,0.054725334315570806,
src_004,1113,AMBIGUOUS_FRAME_DISAGREEMENT,D,2,0.8580572033811886,0.0549144589723195,G,7,0.8113272439390089,0.024030369952653285,
src_004,1120,AMBIGUOUS_FRAME_DISAGREEMENT,Bb,10,0.8222168194164673,0.010817894494191349,Eb,3,0.924874839698488,0.11970619904498403,
src_004,1128,AMBIGUOUS_FRAME_DISAGREEMENT,F#,6,0.8940497954836427,0.08436921756355753,B,11,0.9241596059105638,0.1831631660609231,
src_004,1141,AMBIGUOUS_FRAME_DISAGREEMENT,F#,6,0.8899635512454442,0.02897028397767132,B,11,0.9432128923236979,0.1765089343600097,
src_004,1154,AMBIGUOUS_FRAME_DISAGREEMENT,F#,6,0.7278879939980535,0.05263712092790174,f#,9,0.6964541174730233,0.0879010003432047,
src_004,1157,REVIEW_LOW_CONFIDENCE,Eb,3,0.7517739070721455,0.01488263691361802,Eb,3,0.9501980891432311,0.17391391373787846,
src_004,1160,AMBIGUOUS_FRAME_DISAGREEMENT,G,7,0.8479087985286926,0.023417818802836,C,0,0.9423804755933638,0.1697444572163178,
src_004,1163,REVIEW_LOW_CONFIDENCE,C#,1,0.7922587219850333,0.006282307098511963,C#,1,0.9299447841013768,0.24826827280756425,
src_004,1164,AMBIGUOUS_FRAME_DISAGREEMENT,D,2,0.8658301234145479,0.14656416394589022,G,7,0.8373887997511587,0.03027051510274814,
src_004,1165,REVIEW_LOW_CONFIDENCE,D,2,0.8271464846942558,0.04120683063876551,D,2,0.9015185176259853,0.13839540933948913,
src_004,1168,AMBIGUOUS_FRAME_DISAGREEMENT,g,10,0.8208389232173522,0.04633589802438476,Eb,3,0.9290760196686899,0.28060261731615976,
src_004,1171,AMBIGUOUS_FRAME_DISAGREEMENT,B,11,0.9452277182516028,0.3864817269940717,E,4,0.7962070912659508,0.0162021796977444,
src_004,1175,AMBIGUOUS_FRAME_DISAGREEMENT,e,7,0.8413083018254648,0.18893138323507763,a,0,0.8351071337899274,0.013162851680107668,
src_004,1178,AMBIGUOUS_FRAME_DISAGREEMENT,A,9,0.7297796847329487,0.0669643178893028,e,7,0.8343751276857255,0.024445685999433975,
src_004,1184,REVIEW_LOW_CONFIDENCE,A,9,0.85164852185297,0.006667284021104503,A,9,0.9110880938585486,0.08725590018399787,
src_004,1186,REVIEW_LOW_CONFIDENCE,A,9,0.8514529996639846,0.03356030183182657,A,9,0.9414663686338091,0.15996850528783957,
src_004,1194,AMBIGUOUS_FRAME_DISAGREEMENT,C#,1,0.8581206570504802,0.1435916212328866,F#,6,0.8440095971754666,0.11629238156118094,
src_004,1204,REVIEW_LOW_CONFIDENCE,Ab,8,0.9500581305397082,0.31611040203594654,Ab,8,0.8127016216176071,0.02925504750543184,
src_004,1214,AMBIGUOUS_FRAME_DISAGREEMENT,F,5,0.9056451631848595,0.07331692150908875,Bb,10,0.9017220867768536,0.07921452888011515,
src_004,1217,REVIEW_LOW_CONFIDENCE,D,2,0.8775619528100645,0.006490019895788124,D,2,0.9593284705957633,0.21130391394019432,
src_004,1232,AMBIGUOUS_FRAME_DISAGREEMENT,c,3,0.7913673203233185,0.09238147131526486,f,8,0.8894279408550437,0.02230528984064728,
src_004,1238,REVIEW_LOW_CONFIDENCE,C,0,0.8642185640776188,0.11204381904309091,C,0,0.854790146780956,0.03575432491528563,
src_004,1241,AMBIGUOUS_FRAME_DISAGREEMENT,d,5,0.8764673187859703,0.05795673284088254,Bb,10,0.9003952634162893,0.2999223583072139,
src_004,1248,REVIEW_LOW_CONFIDENCE,a,0,0.7417325550185582,0.013739651569685152,a,0,0.9107812761106888,0.1355330526710128,
src_004,1250,REVIEW_LOW_CONFIDENCE,c#,4,0.8820493553453789,0.2955389937129146,c#,4,0.7577795270449822,0.021211654101049082,
src_004,1251,AMBIGUOUS_FRAME_DISAGREEMENT,g,10,0.7721102556224061,0.007014897270362086,c,3,0.9313116609447258,0.1924643493935464,
src_004,1258,REVIEW_LOW_CONFIDENCE,A,9,0.8486348380487269,0.0399120442909674,A,9,0.9531433416755756,0.27752228277059654,
src_004,1261,REVIEW_LOW_CONFIDENCE,A,9,0.8036286366965847,0.07075169623670696,A,9,0.7936876708463736,0.020390460702784496,
src_004,1264,REVIEW_LOW_CONFIDENCE,F,5,0.8576493751219427,0.030017431748622703,F,5,0.9246357421871487,0.14612908323849705,
src_004,1268,REVIEW_LOW_CONFIDENCE,C,0,0.8522325804244796,0.032463506220212435,C,0,0.9258511547732265,0.12327513173686366,
src_004,1278,AMBIGUOUS_FRAME_DISAGREEMENT,Bb,10,0.8104195457707383,0.08018808651301201,Eb,3,0.9038296990796852,0.05404936867402499,
src_004,1280,AMBIGUOUS_FRAME_DISAGREEMENT,d,5,0.809322889891832,0.026338259362401417,g,10,0.8957267417788746,0.1608112853795195,
src_004,1289,AMBIGUOUS_FRAME_DISAGREEMENT,B,11,0.8544970245931429,0.0005255119477486359,E,4,0.9605406517005736,0.2798308108983837,
src_004,1291,AMBIGUOUS_FRAME_DISAGREEMENT,Ab,8,0.9201170339639692,0.18737729640793288,C#,1,0.8396405246915324,0.0031635298299409476,
src_004,1293,REVIEW_LOW_CONFIDENCE,d,5,0.953017485771658,0.43356910540506177,d,5,0.7868087748019482,0.047498859844012364,
src_004,1299,AMBIGUOUS_FRAME_DISAGREEMENT,F,5,0.8634400790994824,0.0018646885648894163,Bb,10,0.8953763995552678,0.16411349348061843,
src_004,1305,REVIEW_LOW_CONFIDENCE,B,11,0.8669419303432372,0.03635496491697565,B,11,0.9174456116700517,0.1440906303280357,
src_004,1309,AMBIGUOUS_FRAME_DISAGREEMENT,g,10,0.7985836140877206,0.07604878830288142,c,3,0.8994369932992039,0.26000835579128956,
src_004,1317,AMBIGUOUS_FRAME_DISAGREEMENT,G,7,0.8383645279847981,0.04500422000889581,C,0,0.9378376011140636,0.16033244644875255,
src_004,1318,REVIEW_LOW_CONFIDENCE,c,3,0.7824966299275525,0.057796443876906856,c,3,0.9041532329819871,0.03582637694577895,
src_004,1321,AMBIGUOUS_FRAME_DISAGREEMENT,F#,6,0.7720304419823625,0.006109698933161489,B,11,0.8806562209239402,0.11894749485928136,
src_004,1323,AMBIGUOUS_FRAME_DISAGREEMENT,c#,4,0.8106265375412984,0.06390170737899725,f#,9,0.9152643185657121,0.14168370982259426,
src_004,1327,AMBIGUOUS_FRAME_DISAGREEMENT,g,10,0.8035898723225554,0.13593190003326017,c,3,0.8169657092215463,0.18549327938249127,
src_004,1328,REVIEW_LOW_CONFIDENCE,C,0,0.8631059746513012,0.03316568528807606,C,0,0.975736517175461,0.2486823138879184,
src_004,1330,REVIEW_LOW_CONFIDENCE,ab,11,0.9061684790771601,0.29596035491540984,ab,11,0.6931045462853479,0.005425363425741292,
src_004,1334,AMBIGUOUS_FRAME_DISAGREEMENT,e,7,0.8048722560616333,0.15391672252847588,a,0,0.9021947274286843,0.05686674445166173,
src_004,1336,AMBIGUOUS_FRAME_DISAGREEMENT,D,2,0.7274802328898978,0.08836888546194832,d,5,0.778723119083623,0.025433836710428426,
src_004,1346,REVIEW_LOW_CONFIDENCE,E,4,0.788515765044934,0.04955257880381536,E,4,0.9507224605268936,0.1293947732545463,
src_004,1350,REVIEW_LOW_CONFIDENCE,a,0,0.8045650587954752,0.05447030945157094,a,0,0.7943550846409115,0.033675497270835186,
src_004,1353,AMBIGUOUS_FRAME_DISAGREEMENT,a,0,0.7780229440454478,0.10211494275014343,d,5,0.8901981454918142,0.07608954650218402,
src_004,1354,AMBIGUOUS_FRAME_DISAGREEMENT,D,2,0.8764366206819187,0.21543079225860462,G,7,0.824344168931124,0.07086190753063182,
src_004,1355,AMBIGUOUS_FRAME_DISAGREEMENT,A,9,0.7551508640799105,0.011740334996675705,D,2,0.920621742600533,0.09087538357981939,
src_004,1356,REVIEW_LOW_CONFIDENCE,A,9,0.7582392652932191,0.001138109955137856,A,9,0.898363221278221,0.0978964035016694,
src_004,1359,REVIEW_LOW_CONFIDENCE,C,0,0.887979252657685,0.036979749381937266,C,0,0.9481686313480365,0.3044342408158037,
src_004,1361,REVIEW_LOW_CONFIDENCE,g,10,0.879052971955852,0.2617900945029188,g,10,0.8336916043989878,0.02218836957936743,
src_004,1364,AMBIGUOUS_FRAME_DISAGREEMENT,ab,11,0.723119277030688,0.009587721589365605,c#,4,0.9490277626781434,0.21100616101969882,
src_004,1372,AMBIGUOUS_FRAME_DISAGREEMENT,c,3,0.8908877076885234,0.2560375978487909,f,8,0.8376238470189397,0.01119780634367229,
src_004,1373,REVIEW_LOW_CONFIDENCE,G,7,0.819277664178755,0.059640838116230555,G,7,0.8492738315093558,0.041576004106885556,
src_004,1380,REVIEW_LOW_CONFIDENCE,G,7,0.9657163026527653,0.30287035638941917,G,7,0.8348949209566405,0.0421646204501932,
src_004,1382,AMBIGUOUS_FRAME_DISAGREEMENT,a,0,0.8060668110371185,0.20022207167079942,d,5,0.925298263175557,0.11580571449124266,
src_004,1385,AMBIGUOUS_FRAME_DISAGREEMENT,b,2,0.8248760061151718,0.2724236151271525,G,7,0.8118585136681186,0.11283193529270041,
src_004,1390,REVIEW_LOW_CONFIDENCE,d,5,0.8977997553352729,0.31184356433505855,d,5,0.8188721528165274,0.041980013194349186,
src_004,1397,AMBIGUOUS_FRAME_DISAGREEMENT,D,2,0.8177137360637219,0.053457284655743065,G,7,0.856572131367822,0.04012075450522745,
src_004,1400,AMBIGUOUS_FRAME_DISAGREEMENT,G,7,0.9003766579351692,0.13663210058164266,C,0,0.9166594884477801,0.15396753697004517,
src_004,1401,REVIEW_LOW_CONFIDENCE,C,0,0.7918056453524204,0.13217877928961275,C,0,0.9351912588485616,0.017347270330594022,
src_004,1402,AMBIGUOUS_FRAME_DISAGREEMENT,D,2,0.865462223295024,0.011823016271532483,G,7,0.9265924865173458,0.194686833571601,
src_004,1404,REVIEW_LOW_CONFIDENCE,Bb,10,0.7979130105104747,0.020342280098500365,g,10,0.8929975835930947,0.06519634709501043,
src_004,1423,AMBIGUOUS_FRAME_DISAGREEMENT,D,2,0.9645191731246997,0.29438605684238295,G,7,0.7768193055366304,0.009658127804471395,
src_004,1431,REVIEW_LOW_CONFIDENCE,F,5,0.7234864444631199,0.04460162592833661,d,5,0.9044335424283749,0.1301381631521159,
src_004,1433,REVIEW_LOW_CONFIDENCE,Eb,3,0.8940361957414026,0.03067643197469161,Eb,3,0.9566703743668443,0.25452831137578535,
src_004,1434,REVIEW_LOW_CONFIDENCE,F,5,0.7976406166485351,0.03491507814123307,d,5,0.8711498943513727,0.09037123759810306,
src_004,1441,REVIEW_LOW_CONFIDENCE,F#,6,0.830297899192135,0.04688274933130676,F#,6,0.9371716759383802,0.20089461349924365,
src_004,1455,AMBIGUOUS_FRAME_DISAGREEMENT,C#,1,0.8709652825996175,0.04814377590915642,F#,6,0.9491853496113384,0.22192281900183408,
src_004,1461,AMBIGUOUS_FRAME_DISAGREEMENT,C#,1,0.9675915229249105,0.35101130194363794,F#,6,0.812383433661303,0.002753741089979167,
src_004,1464,AMBIGUOUS_FRAME_DISAGREEMENT,Bb,10,0.7841692478213768,0.08394502303460583,Eb,3,0.9347842480772659,0.14962996371372017,
src_004,1465,REVIEW_LOW_CONFIDENCE,Eb,3,0.8258482206696921,0.02248527076593243,Eb,3,0.8985938201927158,0.14089230771685868,
src_004,1466,REVIEW_LOW_CONFIDENCE,D,2,0.8537370297198336,0.19813769907460532,D,2,0.8518495444726633,0.033182730704063856,
src_004,1468,AMBIGUOUS_FRAME_DISAGREEMENT,C#,1,0.8629738702905764,0.04841094904560728,F#,6,0.9657106263034603,0.2572843867561495,
src_004,1469,AMBIGUOUS_FRAME_DISAGREEMENT,a,0,0.7202496121627561,0.009275603160590062,d,5,0.7645867285756242,0.1736042279612049,
src_004,1470,REVIEW_LOW_CONFIDENCE,Bb,10,0.8829592286148725,0.030554778097846902,Bb,10,0.9197773455505533,0.19771452960192248,
src_004,1471,AMBIGUOUS_FRAME_DISAGREEMENT,Eb,3,0.8813251561088665,0.015526598612412679,Ab,8,0.9184879111946443,0.20005067479599448,
src_004,1475,REVIEW_LOW_CONFIDENCE,Ab,8,0.9290408099798675,0.3568837249312288,Ab,8,0.8023916342224602,0.03520544440129303,
src_004,1480,REVIEW_LOW_CONFIDENCE,C,0,0.7982151798116098,0.014902375927414724,C,0,0.8475615874742857,0.04100342895911413,
src_004,1486,AMBIGUOUS_FRAME_DISAGREEMENT,a,0,0.8546484744661276,0.2417918020479526,d,5,0.845209841824633,0.023319443996227873,
src_004,1487,REVIEW_LOW_CONFIDENCE,G,7,0.8051719362374825,0.003646785544166087,G,7,0.9340730138039693,0.18038324331116662,
src_004,1490,REVIEW_LOW_CONFIDENCE,E,4,0.7763205286721517,0.021587102442933714,E,4,0.9431921288775561,0.14616107970993653,
src_004,1491,REVIEW_LOW_CONFIDENCE,F,5,0.8544610604666754,0.025348034476220582,F,5,0.9143888831408288,0.36219209152153853,
src_004,1495,REVIEW_LOW_CONFIDENCE,B,11,0.8415352385776711,0.03875387047746226,B,11,0.9723691751023522,0.2611771758343673,
src_004,1499,AMBIGUOUS_FRAME_DISAGREEMENT,C,0,0.8701346906269067,0.07211610399451718,F,5,0.8567737555283854,0.03438109197577344,
src_004,1500,REVIEW_LOW_CONFIDENCE,F,5,0.8587313142421272,0.10048898784140847,F,5,0.8090662649602588,0.036037940903693166,
src_004,1501,AMBIGUOUS_FRAME_DISAGREEMENT,F,5,0.6743413587285756,0.02426668423028977,c,3,0.8784945754064958,0.14129958617799054,
src_004,1506,REVIEW_LOW_CONFIDENCE,E,4,0.8749135041766797,0.007397630517735787,E,4,0.9237879885156378,0.17661566958258312,
src_004,1509,REVIEW_LOW_CONFIDENCE,bb,1,0.6926072923926169,0.03985328365883223,bb,1,0.837852623529212,0.028717971981856105,
src_004,1514,REVIEW_LOW_CONFIDENCE,e,7,0.9218519359296968,0.25208684186144015,e,7,0.8141746307740455,0.018510567202842054,
src_004,1515,REVIEW_LOW_CONFIDENCE,F#,6,0.8604444499094973,0.036308087208359874,F#,6,0.9694822962877223,0.23680892571444545,
src_004,1519,AMBIGUOUS_FRAME_DISAGREEMENT,C,0,0.9346846177068587,0.24468744125548791,F,5,0.8568017188100131,0.07044799836968674,
src_004,1522,AMBIGUOUS_FRAME_DISAGREEMENT,ab,11,0.7124744912401109,0.10122489689162972,E,4,0.8420897969119837,0.02580523605302576,
src_004,1523,REVIEW_LOW_CONFIDENCE,D,2,0.8715982388798589,0.0023733523233046006,D,2,0.9568813992253987,0.2752138892289676,
src_004,1525,AMBIGUOUS_FRAME_DISAGREEMENT,E,4,0.7981074964190976,0.06339845774456809,b,2,0.8288821359565783,0.030322286131229004,
src_004,1529,REVIEW_LOW_CONFIDENCE,D,2,0.8196714586098527,0.018142753780495458,D,2,0.95114630541682,0.23359924729541748,
src_004,1530,AMBIGUOUS_FRAME_DISAGREEMENT,a,0,0.8258010840479685,0.08897592347187955,d,5,0.8917233817928747,0.22995587840392484,
src_004,1533,REVIEW_LOW_CONFIDENCE,f#,9,0.7772160590942006,0.03488810592361158,f#,9,0.9394504439805564,0.3331102996544999,
src_004,1536,AMBIGUOUS_FRAME_DISAGREEMENT,f,8,0.8511398916428744,0.006384701470498522,C#,1,0.9368000608702025,0.2939625476080202,
src_004,1539,REVIEW_LOW_CONFIDENCE,Ab,8,0.7834508566270767,0.021919862542014945,Ab,8,0.8190329048175145,0.09796797893680897,
src_004,1542,AMBIGUOUS_FRAME_DISAGREEMENT,Bb,10,0.8176576336022083,0.031624942749657436,Eb,3,0.9069043089084072,0.11532566198109773,
src_004,1545,AMBIGUOUS_FRAME_DISAGREEMENT,G,7,0.7656661143361276,0.008962018642375003,a,0,0.8630232625178882,0.04849479506782972,
src_004,1550,REVIEW_LOW_CONFIDENCE,C,0,0.8302263397890753,0.03214998552739823,C,0,0.9152270827067914,0.17890028643726352,
src_004,1553,REVIEW_LOW_CONFIDENCE,C,0,0.7797462596221625,0.08086013803337322,C,0,0.9129953249808063,0.0490532435186638,
src_004,1558,AMBIGUOUS_FRAME_DISAGREEMENT,C,0,0.8987765166598246,0.12207484649382716,F,5,0.9084762672605428,0.049302678126237454,
src_004,1559,REVIEW_LOW_CONFIDENCE,a,0,0.7838146834546668,0.09871723231909735,C,0,0.8828179112730848,0.028693205581273196,
src_004,1560,REVIEW_LOW_CONFIDENCE,Ab,8,0.9412548217356436,0.31189583217686145,Ab,8,0.8302788196835562,0.046192118993728104,
src_004,1569,AMBIGUOUS_FRAME_DISAGREEMENT,F,5,0.8129026838786805,0.01302106497158717,Bb,10,0.8795215163932588,0.1215038697463886,
src_004,1580,REVIEW_LOW_CONFIDENCE,F#,6,0.867900899816614,0.011647940117647693,F#,6,0.9305706074189039,0.1706923153193708,
src_004,1583,AMBIGUOUS_FRAME_DISAGREEMENT,G,7,0.7851412193057091,0.09519818861038964,C,0,0.8655211192104014,0.0551165149758005,
src_004,1592,AMBIGUOUS_FRAME_DISAGREEMENT,D,2,0.8145518169860735,0.003281538682439744,G,7,0.9014423505988457,0.12708651740799326,
src_004,1593,AMBIGUOUS_FRAME_DISAGREEMENT,F#,6,0.7678623689421604,0.048772356401860506,ab,11,0.8666763444659594,0.05508889687089935,
src_004,1597,AMBIGUOUS_FRAME_DISAGREEMENT,G,7,0.7540230901127519,0.0015647594585567193,a,0,0.8361950797969678,0.0478653848702526,
src_004,1608,REVIEW_LOW_CONFIDENCE,C,0,0.8821611786826885,0.0319906029835928,C,0,0.9286691770561563,0.16214316082902314,
src_004,1609,REVIEW_LOW_CONFIDENCE,B,11,0.8844186556600411,0.03803261528286883,B,11,0.8994503058333261,0.1429660814750957,
src_004,1610,REVIEW_LOW_CONFIDENCE,e,7,0.7368254744591458,0.010319407777048872,e,7,0.8826751662843753,0.0786979757390407,
src_004,1621,AMBIGUOUS_FRAME_DISAGREEMENT,A,9,0.9120790299735319,0.1065218066577086,D,2,0.915824585210746,0.0826151498157528,
src_004,1625,AMBIGUOUS_FRAME_DISAGREEMENT,c#,4,0.6024217792566162,0.03293692352633182,f#,9,0.6134411056169742,0.05369357900587468,
src_004,1626,REVIEW_LOW_CONFIDENCE,f,8,0.7636299343285662,0.04531302951447613,f,8,0.8887556955409366,0.07895567167939832,
src_004,1629,AMBIGUOUS_FRAME_DISAGREEMENT,Bb,10,0.8042750868484,0.03261170445434192,Eb,3,0.8894359993989347,0.06468125723950024,
src_004,1633,REVIEW_LOW_CONFIDENCE,E,4,0.8099068325649847,0.026510992486424412,E,4,0.9524738762914228,0.2555809436959062,
src_004,1645,REVIEW_LOW_CONFIDENCE,B,11,0.7068737443240651,0.122246371805394,B,11,0.752622565956741,0.004765343273904099,
src_004,1648,AMBIGUOUS_FRAME_DISAGREEMENT,A,9,0.8474811596556324,0.008801854688599176,D,2,0.9220550761778024,0.2958747466719869,
src_004,1649,AMBIGUOUS_FRAME_DISAGREEMENT,ab,11,0.8292147467370335,0.0683984485289304,c#,4,0.9096338152628949,0.167216001401582,
src_004,1651,AMBIGUOUS_FRAME_DISAGREEMENT,C,0,0.6455479937757231,0.045214416045160744,d,5,0.753949096148302,0.046157322346702556,
src_004,1652,REVIEW_LOW_CONFIDENCE,b,2,0.753620206409746,0.005544680288027015,b,2,0.8286117812654492,0.04610289618179686,
src_004,1653,REVIEW_LOW_CONFIDENCE,a,0,0.8179658082731454,0.12163078700723018,C,0,0.859060407190783,0.04741304524086587,
src_004,1654,AMBIGUOUS_FRAME_DISAGREEMENT,A,9,0.9488705925271171,0.24403861868929266,D,2,0.8249449669685366,0.006693335292720315,
src_004,1663,AMBIGUOUS_FRAME_DISAGREEMENT,E,4,0.7797566735042304,0.09574164439672661,f#,9,0.8608567756113238,0.022022766362093216,
src_004,1664,REVIEW_LOW_CONFIDENCE,A,9,0.8973725378292228,0.04675393990078014,A,9,0.9546450665465578,0.23084181922671854,
src_004,1665,REVIEW_LOW_CONFIDENCE,Ab,8,0.9852450179493422,0.3088580332187536,Ab,8,0.8692542122665907,0.04289342964513376,
src_004,1672,AMBIGUOUS_FRAME_DISAGREEMENT,Bb,10,0.8203218118954931,0.06618727182684747,Eb,3,0.8688860407489354,0.038903869332932106,
src_004,1673,AMBIGUOUS_FRAME_DISAGREEMENT,a,0,0.8003719041110797,0.19848605410993714,d,5,0.8930130282748554,0.016774585524343744,
src_004,1678,REVIEW_LOW_CONFIDENCE,Ab,8,0.8384868649436465,0.1641957759302125,f,8,0.8015406416418371,0.015077018966828004,
src_004,1691,AMBIGUOUS_FRAME_DISAGREEMENT,F#,6,0.7936478853928538,0.044038434977913266,B,11,0.8659870544301654,0.08980997557435966,
src_004,1702,AMBIGUOUS_FRAME_DISAGREEMENT,F#,6,0.7574374979168047,0.0010384841495099106,B,11,0.9120339312831693,0.013007421413084974,
src_004,1703,AMBIGUOUS_FRAME_DISAGREEMENT,a,0,0.7021054089833912,0.04779916244929239,d,5,0.8564597880069287,0.03876605996381244,
src_004,1704,REVIEW_LOW_CONFIDENCE,C,0,0.9288392691234862,0.16036164800961217,C,0,0.8656548292800086,0.040282630622461846,
src_004,1707,REVIEW_LOW_CONFIDENCE,Eb,3,0.7280695520903668,0.004657169561518404,Eb,3,0.9107313041740231,0.1899000695700881,
src_004,1708,AMBIGUOUS_FRAME_DISAGREEMENT,A,9,0.8669758101678867,0.025562720278891393,D,2,0.9394492099626329,0.200073313928688,
src_004,1713,AMBIGUOUS_FRAME_DISAGREEMENT,f#,9,0.8333279191654029,0.041760304456242014,D,2,0.893932271692522,0.1704555470334681,
src_004,1715,AMBIGUOUS_FRAME_DISAGREEMENT,Eb,3,0.8829041581446877,0.03821910216473923,Ab,8,0.9085468382627733,0.07015271147516144,
src_004,1720,AMBIGUOUS_FRAME_DISAGREEMENT,G,7,0.8264632879394586,0.0283496491178169,C,0,0.8531751244432182,0.07297049215425744,
src_004,1726,REVIEW_LOW_CONFIDENCE,C,0,0.7954640879154175,0.028494139988529565,C,0,0.903038851320879,0.0647112231042104,
src_004,1728,REVIEW_LOW_CONFIDENCE,G,7,0.8952104757371075,0.04677205752790092,G,7,0.8931022286972075,0.2607130662619501,
src_004,1733,AMBIGUOUS_FRAME_DISAGREEMENT,a,0,0.8912938544179847,0.33249101905210166,F,5,0.8174293019167373,0.0755004492548148,
src_004,1734,REVIEW_LOW_CONFIDENCE,f,8,0.8126816073178821,0.04418379171501452,f,8,0.9199651344120658,0.3039518130665906,
src_004,1735,REVIEW_LOW_CONFIDENCE,B,11,0.7882244689518096,0.04068155073997848,B,11,0.8975421621945034,0.09537641699899235,
src_004,1741,AMBIGUOUS_FRAME_DISAGREEMENT,D,2,0.8391229458473801,0.10221769346714105,d,5,0.8660879462623761,0.10254235322851768,
